numero;marque
0;Clio
1;Espero
2;Tiguan
3;Uno
4;146
5;407
6;CooperS
7;Série5525TDS
8;Serie3
9;Doblo
10;X63,5i
11;C4
12;ClasseE350V6Avantgarde
13;CLAUrbanplus
14;GLA
15;Série3
16;Polo4
17;5portesONEKITJCWBVATOITXÉNON
18;Mini
19;Civic
20;Polo3
21;Punto
22;ClasseC
23;ClasseE200CDI
24;Corsa
25;CL
26;Série7730De65
27;E
28;Touareg
29;A41.4L
30;Golf2MK2boston1,6TD
31;Série5
32;106
33;E2200
34;BerlingoFirst
35;Boxer
36;Vitara
37;Golf3
38;ClasseCC180
39;LandCruiser4x4Touteoptions...
40;Série5520i
41;Cayenne
42;FocusÀvendreouéchange
43;ClasseCAvantgarde
44;C15
45;RoverRangeRoverEvoque
46;Range
47;ClioCampus1.5dci
48;Palio
49;Polo5
50;Vento
51;210
52;Série3M40b187chessence
53;ClasseE
54;A4Derniermodèle
55;PuntoClassic
56;Clio4CVDiesel(MoteurR19Simple)
57;Partner
58;ClasseCClasseC220diesel
59;Qashqaitekna
60;A4audia4tfsidesignplus
61;SportageGDI
62;Golf71.2tsi110cv
63;TiguanBluemotion1.2
64;Qashqai
65;XFPACKRSPORT
66;Ranger
67;QashqaiTekna
68;ClasseGL
69;AutresAccessoires
70;Golf1&2
71;PoloUnePolo5àvendre
72;Caddy56739060
73;Transporter
74;Saxo
75;ClasseCKitAMG
76;C
77;RoverRangeRoverSportSupercharged4,2l
78;A6
79;H2
80;CLA
81;SportagesportageGTLINE2017
82;206+Bonétat
83;AutreHYUNDAIHD65
84;Série15p
85;ClasseCC180ToitpanoXenon
86;BerlingoUtilitaire
87;Berlingo
88;Discovery
89;TouaregTDIV6
90;SantaFe50000
91;X635dbiturbo
92;ClasseE2.0l
93;S70
94;XE2.0L
95;Fiorino
96;ClasseCAMG
97;ClasseCC180FullAMG
98;A
99;Autre
100;206
101;Clio1.2essence
102;AccordACCORD2000
103;Symbol
104;SportageDynamique
105;Touareg3.0V6TDIRLine
106;C3
107;Partnermoteurnormal
108;Camaro
109;Megane
110;ClioClassic1.216V
111;Marea
112;Ducato
113;MeganeEchangeMegane2DCIMoteurNEUF
114;Hi.Ace
115;ClioClassicenbonneetat
116;ClasseEMercedes
117;250Marcedes
118;Sandero
119;ClasseC1.8
120;Tiguan1.4LTSIHIGHLINE
121;Sportage2ldiesel4*4
122;208
123;Meganecoupé
124;Logan
125;Baleno
126;SportagekiasportageGTline
127;Série4CoupéPacKM///
128;CX-52LSkyactivHighGr
129;Série3318i
130;SantaFe4x4
131;TiguanHighLine
132;Série4Coupé
133;ClasseS350KITAMG
134;Siena
135;250
136;Logan1.5dci
137;Serie7
138;ClasseCPacKAMG
139;Série7essence
140;RangerFordranger99707255
141;RoverRangeRoverSportrangeroversportHS
142;B
143;ClasseCC180KITAMGBiXenon
144;ClioBombée1.28v
145;C5
146;Polo1.2
147;Meganediesel1.5dci
148;FiestaEssence
149;Kangoo
150;X-Type2.010cv
151;Xsara
152;DobloMAXI1.3MULTIJET90
153;Aveo
154;6
155;Golf4
156;ClioClassic
157;Polo
158;MLSANSMOTEUR
159;Polo7
160;NubiraCDX1.7
161;ClasseCkitAMG
162;155
163;Jumperenbonneetat
164;X6
165;Sportage2L
166;Picanto
167;A4AudiA4Quattro
168;Fiesta
169;Optra6
170;Série7740iluxury
171;Matiz
172;Stilo
173;Laguna
174;ClasseEcoupé200AMG
175;Autre1.9diesel
176;206SW
177;200
178;BipperTepee
179;Astra
180;Ibiza
181;Corsaopelcorsac
182;Patrol
183;Bora.Break
184;PoloBasique
185;BerlingoUtilitaireEnbonneétat
186;206+
187;407manuelle
188;Jumperjumper7ch
189;206+Sedan
190;206Berline
191;Golf4Essence7Cv
192;RoverRangeRoverSportHSE
193;CLS
194;CLS250CDIKITAMG
195;Mustang2.3EcoBoost317ch
196;Fusion
197;PoloPolo6|4CV
198;GrandePunto
199;Golf4bonetat1.4
200;ClioNeuf
201;C-MAX
202;206+metalisé
203;ClioClio3diesel
204;Grandi10Grandi10HG
205;PoloPolo6àvendre
206;Doblo1.3multijet
207;301
208;207
209;Passat1.8
210;Transit
211;Freelander
212;A6AmbitionLuxeBVA
213;PuntoClassic1.2essence
214;MeganeSedan
215;AveoChevroletcoupé
216;D-Max
217;220
218;Rio
219;Tiguan1.4LTSIR-LINE
220;Série5520if10
221;206+4cvessence
222;TiguankitRLine
223;Expert
224;Plancheàvoile
225;Golf4BOITEAUTOSERIE202
226;Dokkergazsoil
227;Polo6
228;Galloper
229;Nemo
230;Yaris
231;Passat1,8L,8CV,Essence
232;Serie5
233;Attrage
234;C4CitroenC4
235;Lancer1300ccessence
236;Golf41.6
237;305
238;Golf4BOITEAUTOSERI202
239;CayenneS
240;RoverDiscoverySportSI4240chfinitionSE
241;MeganeBonne
242;C.Coupe
243;Polo5cv
244;Série5bonneetat
245;PradoTX-L3.0D
246;ClasseA200kitAMG
247;X3KITM
248;Polo4CV
249;ClioCampusTU2071ermain
250;Polo4cv
251;307
252;Passat
253;GrandePunto5CV-TOUTESOPTION
254;RoverRangeRoverSport
255;C-Elyséeessance
256;Polo6doublearbreacames
257;Cabriolet
258;C2
259;Mirage
260;Cayenne3.6LV6
261;X2
262;GLC220d4MatickitAMG
263;A5Coupé2.0SLINE
264;Figo
265;Caddy
266;CHAS.35
267;807
268;Sorento
269;Logan6CVtoutesoptions
270;Trafic
271;ML
272;Clio1.5DCI85CV
273;68chturbodiesel
274;C-Elysée
275;A4
276;Yaris4CV.3CYLINDRE
277;Altea1.4
278;DS
279;ClasseEMoteur5cylindres
280;ScorpioPick-upDC
281;Jumper
282;Crafter
283;ClasseC200dTRONIC+EXECUT
284;XJ||V85386ch
285;XJ||V85portfolio
286;Q7
287;PanameraV63.6L
288;Golf5
289;Bipper
290;Polo4CV/60ch/Trend
291;Partner1.6HDIImportée
292;Dokker
293;104
294;C5.Break
295;QQÉtatimpecable
296;304
297;LancerBVA
298;JumpyFourgonCitroenjumpyNeuf
299;Panda
300;Lancer
301;Megane.Break
302;Meganedesiel
303;QQ5chevaux
304;Nemo1,4
305;4072lHDipacksport
306;Focus
307;Smart
308;C-Elysée5chevaux
309;AstraGTC5cv
310;2076chessence
311;GrandePunto1.2pop
312;301Automobiles
313;ClasseCC220d4MaticAMG
314;X2PacKM
315;X315cvEssencekitM
316;2071.6essence
317;AstraH-1.2Ess
318;MicraNISSANMICRA2013
319;Cliodci
320;ClasseEAvantgarde
321;A5CoupéAUDIA52LTFSI
322;C-ElyséeEssence
323;i204ch1.2L
324;CLK
325;Golf51.9tdi6cv
326;207gris4ch
327;206+4CV
328;Linea
329;207bellevoiture
330;GrandePunto4
331;206+Essence
332;407Diesel
333;XF
334;RoverDefenderXLXV
335;Dyna
336;M3
337;ClioClio3phase2
338;Kawasaki
339;PuntoPop
340;NemoDIESEL
341;Yaris4cylindresessence.
342;Sprinter
343;301057cvessence
344;Pajero
345;TerranoNissanTerrano3.0
346;2071.4essenceexclusiv
347;Mirageessence
348;Laguna1.5Dci
349;Focus.
350;4071.6HDI
351;206+Tresbonneoccasion
352;308
353;ClioCampus
354;Série3essence
355;Corolla
356;FocusTITANIUMECOBOOST
357;Symbol5CVESSENCE
358;Panamera4S
359;FiestaTrend
360;C-Elyséeétatnickel
361;C-Elysée1.2vtiessencesedu
362;KA
363;Spark
364;C-Elysée4cylindres
365;Rioessence
366;PoloEssence4ch
367;Fiesta1.25Titanium
368;301FINITIONALLURE
369;Fiesta1.25
370;Panamera
371;Cruze
372;i10
373;Rio5p
374;C-Elyséetresbonneetat
375;Mirage2,5L
376;Grandi10
377;C-Elysée5CV
378;Nemo1.4
379;Nubira
380;Laguna1.5DCISEIMENS
381;Scirocco9cv
382;Mondeo
383;Nubira7chessence
384;Coupe
385;Vito
386;JumpyFourgon
387;CayenneGTS3.6BITURBO440
388;FiestaFINITIONTITANIUM
389;PuntoEasy
390;X5
391;AstraHToutesoption
392;FocusESSENCE
393;A3Sportback
394;PoloPolo7premièremain
395;Twingo
396;RomeoMito
397;ClasseBEssence
398;CrafterVolkswagen
399;GrandePuntotrèsbonétat
400;Vectra2.2DTIGTS
401;3015cv
402;2071.4LDIESEL
403;C41.4
404;MeganeMoteurSiemens
405;5004CV
406;Caddycaady
407;C4Picasso1.6HDI
408;IbizaEssence5CV
409;230
410;308308SW
411;MeganeSportbak130cheveux
412;RAV4
413;Pick-upSC
414;C30
415;Chairman
416;600
417;Polopolo71.4
418;Micra
419;C-ElyséeCelyséeessence1.2
420;Fluence
421;Meganemegane3essence
422;Passat1'9diesel
423;MirageGLS-1.2L-80cv
424;Jetta1.6Essence
425;Corsa3p1.2essence4cylindres
426;Poloessence1.24cv
427;Polo1.25cv
428;ZS
429;Poloessence
430;BerlingoUtilitaireCitroenBerlingo
431;500
432;Golf5Ndhifa
433;Scirocco
434;MeganeMegane3diesel
435;GrandePunto4cv
436;PassatFsi1,6
437;Jumper7cv
438;301voiturePeugeot
439;ClasseEcoupéPackAMG
440;Macan
441;S32.0TFSI310cv
442;Avanza6
443;RoverDefender
444;301301-parfaiteétat
445;PartnerB9ttoption29364076
446;PatrolRd28t
447;FiestaTitanium
448;SCIROCCO
449;GrandePuntoSERIE174.4CV.4Cylin.1.2L
450;Passatgazoil
451;3011èremain
452;ClasseE220D
453;R4
454;Picanto1.2BVA
455;ClasseA
456;Astra1.3CDTI,90CV
457;SymbolSymboltbe
458;AstraASTRAJCDTI1.7
459;Accent
460;Rioessence5cv
461;CeratoKOUP124chd'un,07chv
462;CeratoKOUP124chdin,07chv
463;CorsaEssence
464;FLUENCE
465;Polo1.4MoteurGolf6
466;Jetta
467;Fiesta2011
468;Celerio
469;FiestaDamevendFiesta
470;GLC11cvdisel
471;C5CITROENC5AIRDREAM
472;Polo1.0
473;PoloPolo7
474;Fluence6CVdiesel.1.5DCI.
475;Grandi101.2L
476;Clio5ch
477;PoloPolo8trèspropre
478;GrandVitara
479;Passatmoteur1.6
480;FocusC-MaxEssence
481;301Allure
482;Clio1.216V75Ch(5ChFisc)
483;RoverDiscoverySportTD4SEDYNAMIC
484;Fabia
485;5001.2L
486;Lancerkjgugufkyfjkhcjhv
487;MeganeDiesel1.5dCi
488;Avanza
489;PartnerTepeeTouteoption
490;Ka
491;MITO
492;508
493;C-Elysée1.2L
494;LoganMCV
495;L200DoubleCabinenoir
496;AstraDiesel1.7CDTI
497;Golf51.4L/5ch/Essence
498;Navara4cylindre8cv
499;C-Elyséeessence
500;CaddyTDI
501;GrandePuntoAouto
502;Avensis
503;Avanza1.3
504;Fiesta5CV
505;3011.2allure
506;2083P
507;BerlingoMultispace5cv
508;DS3
509;BerlingoUtilitaireEHDI
510;MeganecoupéPhase2
511;C-Elysée5cv
512;PoloSedanTrendline1.4
513;i204ch
514;3Mazda3
515;PandaFiatpandaeasy4ch
516;301ALLURE
517;C-ElyséeModèleexclusive
518;Fiorino5CVdiesel
519;Symboltrespropre
520;C52LITRES
521;Sunny
522;MeganeTomTom
523;Fluence1,5LDCI
524;i20ESSENCE
525;CRUZE
526;C3Picassointacte
527;Meganecoupé1.6
528;Rexton2.7xdi
529;L200DoubleCabine
530;3portesONE
531;Cruze5PCompactEssence1.6
532;Hi.Lux
533;Ibizapremieremain
534;SanderoEssence
535;C4Essence
536;Symbol1.2Elegance
537;JettaDiesel6CV1.9TDI
538;BerlingoUtilitaireb9
539;E3
540;Mondeo8CVDiesel
541;C41.46cvessence
542;504
543;ASCONA
544;MicraPuissancefiscale5
545;LeonTouteoption
546;Sanderoessence1.25ch
547;2Mazda-21.375ch
548;Grandi101.2GLS
549;Explorer2003
550;Safari
551;Daily
552;Cruze5P
553;JohnCooperWorks308CC
554;Golf6Trendline
555;C3ESSENCE
556;ScorpioPick-upDCEtatd'origine
557;Golf6
558;Sunnyessencelx
559;S60Essence
560;2
561;Fiorino1.3JTD
562;Golf6Tdi
563;Fluence1.6
564;Panda1.24cylindres
565;C301.6Essence
566;RomeoMito7chevaux
567;Série15p116i
568;3portes
569;i30
570;Grandi10SedanÉtatpropre
571;Explorer
572;Grandi105cv
573;Fluence1.6L16VDynamique
574;Leon1.6L
575;C35cv
576;3portesMIniONE
577;Clio4
578;Série3BMW320DTToptions
579;FiestaEssence5cv
580;3081.4Lessence
581;Série38chessence
582;MeganeEssence
583;Rio5cv
584;KaUnevoituredecity
585;FluenceEssencefulloptions
586;Poloessence1.0
587;ClioEssence1.2l
588;Grandi10fulloptions
589;XenonDC
590;Grandi10Essence
591;Grandi10hyundaGi10serie197
592;Cruze56000km
593;Golf5140chvkitGT
594;YarisSedan
595;Micra5cv
596;Navara
597;20010
598;Picanto5cv
599;Cruze5P1.67chvessence
600;208Essence1.2
601;500C
602;Série3318ci
603;ScorpioPick-upDC2.5Diesel
604;A3diesel1.9
605;5004cv
606;Passat1.9tdi
607;Q5
608;Micra1.2LToutesoptions
609;PoloSedanVolkswagenPolo1.4LTrendline
610;FocusTitanium1.6L
611;BT-50
612;ClasseCC200CDI,Type203
613;PassatFSI
614;A3Essence
615;C4DIESEL
616;X-Type
617;C41.4lvti4cylindre
618;ActyonSportsnedhiffa
619;Picanto	voiturekiapicant
620;Clio4cylindres
621;Espace7places
622;RioKiario
623;PoloSedanBonetta
624;E34cylindres
625;2081.2
626;Fiesta5chevaux4cylindre
627;Grandi10Sedan
628;Eos9chessence
629;PicantoBVA
630;5001.2lounge
631;Série3E90320i
632;Golf6Montageswise
633;3portesone1.4
634;Duster
635;Swift
636;H100
637;301301ALLURE1.2ESSEN
638;FiestaTITANIUMPLUS
639;Focus7cv
640;PoloSedanPolo
641;Rio4cylindres
642;C41.4l
643;Swift5cv
644;31,6
645;C41,4Litres6Ch
646;C4C4ehdiimporté
647;Mondeo1.6ecobosterturbo
648;C41.416v
649;Série13p7
650;Bravo2phase2
651;Série3e90320d
652;PoloSedan
653;PoloPolo7restylé
654;PatrolY614.2
655;3008
656;Golf6TDI1.6Confortline
657;A3
658;Golf6Golf6trèspropre
659;Golf6Golf6Plus1,6TDI
660;Corsa1.2
661;Golf61.4TSI160BVA7
662;LandCruiser17ch12atmo
663;C45CVdiesel
664;Malaga
665;3boiteautotel24302000
666;Caddydiesel
667;Série1
668;YarisSedan1.3L,5Cv,
669;E3cherye3
670;300C
671;LT35
672;RioTt
673;Mondeo1.6160CH9CVEcoboo
674;Micra5ch
675;3portesMinicooper
676;D-Max2.5L
677;ClasseB1.6
678;PajeroPinin3200
679;Captiva
680;2081.2puretec
681;2Sedan1.6SkyActiv
682;Focusecoboost
683;PoloAuto
684;Accent6
685;SanderoEnbonneétat
686;ClasseSS320cdimodèle220
687;500CMultiair
688;JettaDiesek
689;3portescooperone
690;RioTrèsbonétat
691;200Classec
692;Golf6Essence1.4
693;Bmw
694;200Motorisation
695;BerlingoFirst1éreMain
696;FluenceDiesel
697;i20BlueDrive
698;H1
699;KugaTDCI2.0L
700;Golf61.4lessence
701;Vito109CDI7cv
702;Polo1L4cheveaux
703;Clio5cv4cylindre
704;Rioanepasrater
705;Micra1.25cv
706;Clio1.2/4cylindre
707;Coupé
708;C4MoteurDS4
709;Korando
710;Astra6CVEssence
711;Qashqai6chdiesel
712;208ModèleStyle1.2L
713;TiguanTsi1.4
714;TiguanTSI1.4fourmotion
715;i10essence
716;Fluencepremièremainboite6
717;MG
718;AstraAstraJ
719;500Abarth1.4TURBO160ch
720;Série3316i
721;KUV100K8série206,bakou
722;KUV100
723;C4C4diesel
724;Picanto5CVBoiteAUTOBlanche
725;Ibiza5cv
726;Ascona7cvessence
727;A41.8
728;Fiesta5chevauxtitanium
729;X53lessence
730;Toledo
731;Eos
732;PradoPrado11CVAtmo
733;3portesMiniCooperBVA
734;Niva
735;Caddy1.6TDI
736;RX-8
737;2085cv
738;500kitGUCCI
739;Focus1.6titanium
740;X5X5Phase23.0d
741;CayenneKITGTS
742;CayenneGTS1erMain
743;ActyonSports
744;RCZ
745;L200SimpleCabine
746;C4Noire
747;C45cv
748;2Sedanskyactiv
749;PassatTDIbluemotion
750;RioRiomodèle2017
751;Clio1.2L
752;Rio1248cm3P4
753;DS3DS3cabriolet
754;Focusberline
755;i10boiteautomatique
756;Optima
757;Série15p118d
758;Polo4cv/smartline
759;Transportertdi
760;ForFour
761;YarisSedanEssence
762;Golf61.4
763;A41.8TFSI
764;ClasseECDI
765;FabiaStyle
766;PanameraGTS,4.8L,440hp
767;3
768;ActyonSports2.0XDI7cv
769;Actyon
770;C41.4VTI-tteoptions
771;CLKMercedesClk55AmgV8347cv
772;D-Maxmontagesaoudite
773;FluenceBoiteautomatique
774;MondeoMoteurEcoboost
775;2081.2puretech
776;NavaraD40
777;MondeoEcoboost
778;Up
779;A62.0
780;Leon
781;Mondeo1.6L
782;C31eremain
783;5081.6LDiesel6CV
784;Golf6Manuelle
785;Série13pAvouéchange
786;CC
787;PassatCC
788;JettaJettaconfortline1.2TSI
789;Focusessence
790;190
791;Golf6Mannuelle
792;208Essence1.2Puretech
793;Leon2012
794;CeratoESSENCE
795;2Mazda2Sedan
796;JettaDieselTDI1.6ConfortLine
797;QashqaiTrèsbonétat
798;MondeoEcoBoost1.6l8cv
799;PassatTDI1.9TU139Trèspropre
800;M3EssenceN45
801;C-Elysée5cvessence5porte
802;PassatTDIBLUEMOTION119MKM
803;i20Auto
804;Juke
805;LeonTSI1.2
806;Sonic4p5cv,mod2018,1,2l
807;A4audia4b8
808;TwingoRenaultSport
809;Golf61,2tsi85cvstyle
810;Série13p
811;A4Ambiente120ch1.8T
812;Juke1.5dci
813;CooperS10cvessence
814;BerlingoUtilitaireSincèrementpropre.
815;PassatCCEssence
816;A42.0TDI
817;Cerato
818;Sonata
819;RomeoGiulietta7ch
820;ActyonSportsZerodepense
821;C4Cactus
822;2008
823;Ceratopremièremain
824;2081.2packenergie
825;500CCabriolet
826;Accent1.4LGLSHIGHGRADE
827;LeonTsi1.2
828;LeonSeatLeonReference
829;Série15pBmw120dpackM
830;Golf6Impeccable
831;ClasseC180Avantgarde
832;ClasseEKompresser
833;Captur
834;PassatTdi5cv
835;YXKenboS3
836;Cerato5p8Cv
837;i20	avi20trespropr
838;3sedan6CH
839;Izis1.2L
840;Ceratoessence
841;RomeoGiulietta1.4T
842;Captur6v
843;IzisWALLYSCARIZIS
844;AstraGTC1.4t140chv
845;500TOITIMPORTEE
846;Golf7
847;WallM4voiturefemme7mois
848;Tiguantiguanpremièremain
849;LeonSC1.2tsi
850;Izis
851;2Mazda21.5LSkyact
852;2008belle2008blanc
853;FocusEcoboostTrend
854;YarisSedan1.3/5CV
855;Golf7Trendline
856;208ENERGIE
857;JettaJettamatch2013
858;C4Citroënc4importée
859;DS5
860;Veloster1.6L
861;A41.8t7chessence
862;Série5Modèlee60520i
863;A4TFSI1.8
864;ElantraEssence7cv
865;C3C3deel
866;Juke1.5DCITekna
867;Fabia1.0
868;Qashqai4*4,diesel2.0
869;208Peugeot2081.2
870;320
871;CeratoEss.1.6boiteauto
872;Série3320D
873;Golf7ESSENCE1.2TSI
874;2Sedan1.5Lskyactiv
875;Golf71.2TSI105CH
876;CayennePorscheCayenneS
877;220Mercedes-Benz
878;C3Shine4CV
879;Leon1.2TSI
880;Golf7Kkk
881;YarisSedanC
882;Golf6golf6bonneétat
883;ClasseCMERCEDESCOMMENEUF
884;MeganeDci
885;Passat1.4TSI7cvessence
886;Golf71,2
887;DS4
888;Passattdi1.6
889;Altea
890;Leonscblanche
891;Veloster1.6
892;A41.8TFSI160chAmbient
893;CLC
894;Elantra1.6/130cv
895;LeonSCEssence
896;Rexton
897;LeonEssenceBoiteAuto
898;Yaris100VVT-I
899;Cerato8cv
900;Golf7ESSENCESMARTLINE
901;Golf71.2tsitrendLine
902;A3SportbackPacksport
903;3sedan
904;FocusTitaniumEcoboost1L
905;A3Audia3sline
906;Pickup
907;Leon6ch
908;C4CactusBerline5ch/Essence
909;Golf7Golf7Confortline
910;Veloster
911;Veloster1.6L8CV
912;Super5
913;Cerato1.6Essence
914;ElantraGLS
915;Boxerjdida2.26vitesse
916;Amarok
917;Cerato5pEssence7ch
918;Elantra
919;31.6
920;Golf71.2tsibluemotion
921;Qashqai1.5dci
922;Leon1.2Tsi
923;C4Aircross7cv
924;C4Aircross4x4essence150cv
925;Série520i
926;Arrizo5
927;LeonToitBVALEDxénonneuf
928;LeonStyleplusBVA
929;BerlingoMultispaceHDi
930;A3SportbackTDI2L
931;C3Puretech2019FeelBiton
932;Jukesérietu210
933;DucatoIveco
934;OptimaEssence
935;Passat1.6L
936;FabiaStyle2019tun210bicolor
937;Golf7Golf7importé1ère
938;200Diesel
939;Mascott
940;ClasseB
941;PassatPassatb8
942;TransSportMoteur1.4essence
943;BerlingoMultispace1.6hdi
944;YXKenboS3NEUVE
945;Capturversion(2015)
946;Golf7GolfTSiconfortlin
947;Astra1.4turboessence140cvdin
948;GTCuirboiteauto...
949;KorandodieselAWDGTTurbo
950;Insignia2000163cv
951;A1Tfsi
952;TT
953;382CV
954;A47
955;Sportage
956;SportageEtattresbien
957;Série3coupé316i
958;361CVTOUTESOPTIONS
959;PassatVoitureenbonétat
960;Série15pavendreBMWsérie1
961;A5Coupé
962;ASX
963;Série3coupé
964;M3BMWe92
965;PassatSmartline1.4TSI
966;Golf7EssenceTSI
967;Série3coupéE92316i
968;Golf7TSISmartline
969;Golf7Essence1.2TSI
970;PoloSedan1.4
971;A5Coupé1.8TFSI170CV
972;Izis1.2essence,3cylindres
973;VelosterBVA
974;Golf71.2TSIBELUMOTION
975;X1
976;Série5523ikitm
977;RangerXLT2.2
978;LeonStyle
979;Focus125cm3Titanium
980;5Sportchicessence
981;Beetle
982;NewBeetle
983;FocusTitanium
984;Golf76cv1.2l105din
985;Passat1.6
986;R11
987;S40
988;OptimaEssence2.0L
989;C4Aircross9cvessence
990;S40essence
991;Tivoli
992;4Crossback1.6L
993;PassatVolkswagenPassat
994;Leon1.2LTSIReference
995;FocusTetanium
996;ClasseAClassACDI5CV
997;ClasseC8cv154din
998;ClasseC180
999;6MAZDA6ENTRÈSBON
1000;Série5520DALCIE60
1001;Q7AudiQ7avendre
1002;Fox
1003;ClasseCessence9CH
1004;Mazda5
1005;Golf71.2l6cv
1006;AX
1007;C4Picasso
1008;Autrecamion5tonnes
1009;ClasseACDI
1010;Sportage2000
1011;V40
1012;51.6LHDISPORT-CHIC
1013;Daily35c1510cv
1014;A1
1015;Tivoli1.6
1016;5160chsportchic
1017;5DS5SPORTCHIC160ch
1018;R114Cylindres
1019;WallH52L
1020;TransporterTDI
1021;2008PEUGEOT
1022;ClasseEAvant-garde
1023;ClasseCessence
1024;Golf7Golf7cupessence
1025;A3Sportback1.2tfsi5cv
1026;Golf7TSICUP
1027;Golf71.2TSI-Confortline
1028;BerlingoMultispace
1029;A3BerlineEsssence
1030;62LSkyActiv
1031;Série15pBMWsérie1116i
1032;Série3320diesel
1033;3sedan1.5Lskyactive
1034;V401.6Lturbo180Ch
1035;LeonEssence
1036;PassatToutesoptions20667233
1037;D-MaxJtuufyugde466gutfiubcfdfcvk
1038;Leon1.2TSISTYLE
1039;A31.8
1040;LandCruiser
1041;Escalade
1042;A3Sportback1.4TFSI
1043;Passat1.4
1044;TivoliDiesel
1045;Passat1.6BluemotionTDI
1046;CX-5
1047;Hilux
1048;Amarokdiesel
1049;205
1050;Countryman
1051;Optima2.0lessence
1052;ClasseE350SportBVA
1053;ClasseAA180CDI
1054;Golf755578577
1055;A3Berline180chTFSI
1056;XJ3.0l
1057;KugaEcoobost
1058;D-MaxD'max2,5L4portes
1059;Série3cabriolet
1060;CX-7
1061;ClasseA122cv6cv
1062;Qashqaidiesel
1063;Golf7Golf7lounge
1064;ClasseEE200CDIAvantgarde
1065;A3Berline1.2TFSI
1066;Série3316i(F30)
1067;Juketekna
1068;Golf71,2tsifulloptions
1069;QashqaiTekna15000kmdiese
1070;A5Coupé1.8
1071;3SKYACTIVHATCHBACK
1072;Nitrodiesel2,8LCRD
1073;LeonSTYLE1.2/110CHDIN
1074;XLV
1075;A5
1076;3portesOne
1077;ClasseA180kitAMG
1078;Q5diesels-line
1079;A1SportbackSline
1080;A5Sportback2.0TDI
1081;Golf7Bluemotion
1082;D-Max2,5dieselturboinjection
1083;500X
1084;Série3316d
1085;X5Xdrive3.0D
1086;Golf71.2bluemotion
1087;Golf7TSIBoite6importé
1088;Ecosport1.0ECOBOOST
1089;Golf71,2tsi
1090;Fusion1.5LECOBOOST
1091;Sportage.4x2
1092;ClasseC200cdidieselavantg
1093;Série33.16iLuxury
1094;BT-50Pro
1095;Cayennev84.5
1096;CX-5CX-52L
1097;Q52.0essencesline
1098;ClasseCC200CDI
1099;205entrèsbonétat
1100;Cherokee
1101;Cherokeeliberty
1102;AmarokTDI4MOTION
1103;ClasseCcoupé1.8CGI
1104;PICK-UP
1105;MLCdi320w16415ch
1106;GLK
1107;A35
1108;GS1.5L
1109;ClasseAA180
1110;Golf71,4tsidsgkitR
1111;A490000
1112;SportageKiasportageIIIpremium
1113;Amarok2LHIGHLINEPLUS4X4
1114;PassatSmartline
1115;S60
1116;Fusion38000
1117;S60R-Design
1118;5portes
1119;Série3Bmwserie3f30318ddiesel
1120;XLV1.6LBVALUXURY
1121;A3Berline
1122;GLK220CDI/4Matic
1123;Compass10diesel
1124;X11.8idrive
1125;Série6GranCoupé16cv
1126;ClasseAEtatneuf1main
1127;ClasseEE250avant-gardeDieselkitAMG
1128;ix35
1129;ClasseE200cgi
1130;Golf7R-LIne
1131;ClasseAAmg
1132;Sportage2LCRDI
1133;5portes6cv105din
1134;PassatPassatTdi
1135;QashqaiEssence
1136;CX-32l
1137;Golf71.2tsi110cvboite
1138;Tourneo
1139;ClasseEcoupéNeuf
1140;Tivoli7خج
1141;ClasseA180
1142;QashqaiTEKNA
1143;Cabriolet(102cvdin)6cv
1144;RoverFreelanderHSETDI
1145;Série7E653Ld
1146;PanameraTURBO
1147;Navara2.5L
1148;ClasseEM-BenzE200CGI
1149;Tucson
1150;ClasseB7cv
1151;Série3Packsport
1152;FiestaMoteurnoir,5ch
1153;Passatpassatb8DSGcarat
1154;GS4*4BVA
1155;RoverRangeRoverEvoqueDieselgasoil
1156;6skyactive2L9ch
1157;A3Sportback2.0TDI150chS-Line
1158;Golf7GTDR-Linesérie196
1159;Golf7GTD
1160;CHAS.CAB.
1161;M11.6L
1162;ScorpioPick-upDCALPHACARGOTRICYCLE
1163;SantaFe
1164;QashqaiQashqaitechna2017
1165;Golf71.2/5chRline
1166;CLSCLS350CDIDIESELKITAMG
1167;Qashqai1.6dCiTekna(Série210)
1168;CX-5avantderniermodèle
1169;ClasseA1.6
1170;Fiesta5ch/
1171;Vitara1.6L120chBVA4x4
1172;Cayenne21cv3.6lv6299din
1173;ClasseEcoupéKitAMG
1174;Cabriolet(102cvdin)
1175;CLACLA180
1176;508BreakDiesel
1177;QashqaiTekna1.2tsi127cv
1178;ClasseE250FullAMGPackage
1179;Amarok(série206)
1180;X3Drive28i2LVenteHT
1181;5DS5SPORTCHIC
1182;Golf7BOITEAUTORLINE
1183;A4150din8cv
1184;Amarok4*4
1185;ClasseAA160
1186;Creta1.6LGLS
1187;Maxity
1188;ClasseC2012KITAMG
1189;A3BerlineTFSI1.4TSline
1190;ClasseC9CV
1191;Série510cv
1192;Série5LUXURYLINE
1193;Hilux2,5
1194;Série15pPackM
1195;H3
1196;Série3F30316FULLBLACKMBOITEAUTO
1197;ClasseE200CGIAVANTGARDE
1198;ML320CDI4MATIC
1199;Série5PackM
1200;Cliobonetat
1201;Q5Q5s-linequatro10Lboiteauto
1202;Cayenne4.8lv8399din
1203;GL
1204;ClasseEE200CDI
1205;Astra.Break
1206;Golf7TSI
1207;Cayenne434.8lv8500din
1208;PuntoEasyFaitpuntoeasy
1209;Leon1.2tsistage175hp
1210;Cee'd1'4Voitureneuf
1211;ClasseCC220KITAMGRESTILE
1212;X53.0dxdriveexclusiv
1213;Navara10CVDIESELLE
1214;Golf6match
1215;Touareg3.0
1216;Mondeo1.6ecoboost
1217;Golf6golf6unique
1218;CayenneDiesel
1219;ClasseB7cv136din
1220;GS
1221;Golf7tdi
1222;X635I
1223;PassatESSENCEDSG
1224;ClasseC200
1225;RoverRangeRoverSportHSEDYNAMICPACKDVD
1226;PassatTSI150cvDSG-7/HighLine
1227;ClasseA180dsensation7GDCT
1228;RoverRangeRoverEvoque2.2TD4
1229;Cayenne3.0DIESEL
1230;Golf7Golf7highline1.4
1231;BerlingoMultispace5place
1232;CaddyTDI1.6
1233;A8
1234;CayenneV63.6
1235;Passat1.6TDI
1236;Passatsansmoteur
1237;ClasseCcoupé1.6L,9cv,156ch/din
1238;RoverRangeRoverSport2.7
1239;ClasseCfectlift
1240;X3
1241;RoverRangeRover3.0LSUPERCHARGEDVOGUE
1242;Cabriolet2.0
1243;MartinDB95.9lv12455din
1244;GLC204din12cv
1245;Golf71.2L
1246;Grandi10Premièremain
1247;ML12cv
1248;Série510cv172din
1249;3portesMiniOne
1250;ClasseCcoupé200CGI
1251;CayenneKitTurbo
1252;AccentL41.6LGLSHighGrade
1253;JohnCooperWorks
1254;Golf7comfortline
1255;Golf7Golf.7kitRline
1256;Leon1.2
1257;Golf7rline
1258;Golf7Golf7kitgti
1259;Panamera4.SV8
1260;GLC250fascination
1261;A5Cabriolet
1262;Golf6Golf6
1263;Quattroporte36cv405din
1264;3coupé
1265;Golf7lounge
1266;ClasseC180essenceAVANTGARDE
1267;ClasseC9cv
1268;ClasseEDiesel,5Cylindres
1269;X28cv1.5l150din
1270;RoverRangeRoverVOGUE
1271;PoloEssence
1272;C440000km
1273;WallM46cvessence
1274;RoverRangeRoverEvoquedynamic
1275;Série5Luxury
1276;Quoris20cv3.8lv6294din
1277;C3Picasso
1278;Qashqaiteckna
1279;Romeo156
1280;D-Max10cv
1281;Série15pToutesoptions
1282;Passatessence1.9
1283;RoverRangeRoverVelarRDYNAMICSP250
1284;Passat125cv
1285;CLCL55AMG
1286;Izis1.2
1287;C3proprec3
1288;D-Max8chevaux
1289;CLS350AMGttoptionssérie208
1290;ClasseSTTOptions
1291;RoverRangeRoverSport43cv5.0LV8500din
1292;ClasseE200
1293;JohnCooperWorksone
1294;ClasseCmercedescpourrs
1295;RoverRangeRoverSportBLACKPACK
1296;GLAPacKAMG
1297;Série15p118isportedition
1298;6boitueauto
1299;Golf7cup
1300;80
1301;C4AircrossDiesel
